profile,run_id,sha,container_cpus,vm_cpus,vm_memory_mib,container_memory_mib,cache_mode,stable_lab_keys,gate_seconds,cache_prepare_seconds,peak_container_bytes,peak_guest_used_bytes,e2e_count,e2e_failures,e2e_errors,e2e_skipped,e2e_retries,oom_killed,exit_code,audit_wrapper
cpu,vm2c6g-cold-1,308281074ed752b6cccce693d27755da13dd675f,2,2,6144,5120,cold,False,474.723,0.0,5368709120,4318572544,83,0,0,0,0,False,0,legacy_error_envelope_not_validated
cpu,vm2c6g-cold-2,308281074ed752b6cccce693d27755da13dd675f,2,2,6144,5120,cold,False,475.833,0.0,5227114496,4213825536,83,0,0,0,0,False,0,legacy_error_envelope_not_validated
cpu,vm2c6g-cold-3,308281074ed752b6cccce693d27755da13dd675f,2,2,6144,5120,cold,False,476.279,0.0,5208059904,4233035776,83,0,0,0,0,False,0,legacy_error_envelope_not_validated
cpu,vm2c6g-warm-1,308281074ed752b6cccce693d27755da13dd675f,2,2,6144,5120,warm,False,450.771,3.693,4882370560,4144955392,83,0,0,0,0,False,0,legacy_error_envelope_not_validated
cpu,vm2c6g-warm-2,308281074ed752b6cccce693d27755da13dd675f,2,2,6144,5120,warm,False,447.966,3.74,4964229120,4138012672,83,0,0,0,0,False,0,legacy_error_envelope_not_validated
cpu,vm2c6g-warm-3,308281074ed752b6cccce693d27755da13dd675f,2,2,6144,5120,warm,False,451.214,3.796,4969406464,3993542656,83,0,0,0,0,False,0,legacy_error_envelope_not_validated
cpu,vm4c6g-cold-1,308281074ed752b6cccce693d27755da13dd675f,4,4,6144,5120,cold,False,387.862,0.0,5368709120,4122947584,83,0,0,0,0,False,0,legacy_error_envelope_not_validated
cpu,vm4c6g-cold-2,308281074ed752b6cccce693d27755da13dd675f,4,4,6144,5120,cold,False,387.796,0.0,5229596672,4073283584,83,0,0,0,0,False,0,legacy_error_envelope_not_validated
cpu,vm4c6g-cold-3,308281074ed752b6cccce693d27755da13dd675f,4,4,6144,5120,cold,False,387.521,0.0,5258366976,4185239552,83,0,0,0,0,False,0,legacy_error_envelope_not_validated
cpu,vm4c6g-warm-1,308281074ed752b6cccce693d27755da13dd675f,4,4,6144,5120,warm,False,360.576,3.547,4952047616,4131012608,83,0,0,0,0,False,0,legacy_error_envelope_not_validated
cpu,vm4c6g-warm-2,308281074ed752b6cccce693d27755da13dd675f,4,4,6144,5120,warm,False,359.782,3.657,5006299136,4066484224,83,0,0,0,0,False,0,legacy_error_envelope_not_validated
cpu,vm4c6g-warm-3,308281074ed752b6cccce693d27755da13dd675f,4,4,6144,5120,warm,False,363.005,3.831,5057626112,4128780288,83,0,0,0,0,False,0,legacy_error_envelope_not_validated
cpu,vm8c6g-cold-1,308281074ed752b6cccce693d27755da13dd675f,8,8,6144,5120,cold,False,363.548,0.0,5368709120,4252610560,83,0,0,0,0,False,0,legacy_error_envelope_not_validated
cpu,vm8c6g-cold-2,308281074ed752b6cccce693d27755da13dd675f,8,8,6144,5120,cold,False,365.951,0.0,5227778048,4174663680,83,0,0,0,0,False,0,legacy_error_envelope_not_validated
cpu,vm8c6g-cold-3,308281074ed752b6cccce693d27755da13dd675f,8,8,6144,5120,cold,False,364.294,0.0,5248086016,4330336256,83,0,0,0,0,False,0,legacy_error_envelope_not_validated
cpu,vm8c6g-warm-1,308281074ed752b6cccce693d27755da13dd675f,8,8,6144,5120,warm,False,336.305,3.52,5036294144,4173160448,83,0,0,0,0,False,0,legacy_error_envelope_not_validated
cpu,vm8c6g-warm-2,308281074ed752b6cccce693d27755da13dd675f,8,8,6144,5120,warm,False,337.021,3.906,5159944192,4167335936,83,0,0,0,0,False,0,legacy_error_envelope_not_validated
cpu,vm8c6g-warm-3,308281074ed752b6cccce693d27755da13dd675f,8,8,6144,5120,warm,False,336.516,3.802,5176635392,4209979392,83,0,0,0,0,False,0,legacy_error_envelope_not_validated
ram,ram-vm4c6g-cold-1,308281074ed752b6cccce693d27755da13dd675f,4,4,6144,5120,cold,False,388.662,0.0,5368709120,4121616384,83,0,0,0,0,False,0,legacy_error_envelope_not_validated
ram,ram-vm4c6g-cold-2,308281074ed752b6cccce693d27755da13dd675f,4,4,6144,5120,cold,False,386.731,0.0,5206925312,4155486208,83,0,0,0,0,False,0,legacy_error_envelope_not_validated
ram,ram-vm4c6g-cold-3,308281074ed752b6cccce693d27755da13dd675f,4,4,6144,5120,cold,False,387.365,0.0,5255520256,4126887936,83,0,0,0,0,False,0,legacy_error_envelope_not_validated
ram,ram-vm4c6g-warm-1,308281074ed752b6cccce693d27755da13dd675f,4,4,6144,5120,warm,False,358.88,3.621,4936704000,4087857152,83,0,0,0,0,False,0,legacy_error_envelope_not_validated
ram,ram-vm4c6g-warm-2,308281074ed752b6cccce693d27755da13dd675f,4,4,6144,5120,warm,False,361.188,3.676,4993458176,4102938624,83,0,0,0,0,False,0,legacy_error_envelope_not_validated
ram,ram-vm4c6g-warm-3,308281074ed752b6cccce693d27755da13dd675f,4,4,6144,5120,warm,False,359.895,3.889,5095243776,4054695936,83,0,0,0,0,False,0,legacy_error_envelope_not_validated
ram,ram-vm4c8g-cold-1,308281074ed752b6cccce693d27755da13dd675f,4,4,8192,6144,cold,False,384.282,0.0,6442450944,4258332672,83,0,0,0,0,False,0,legacy_error_envelope_not_validated
ram,ram-vm4c8g-cold-2,308281074ed752b6cccce693d27755da13dd675f,4,4,8192,6144,cold,False,386.7,0.0,6442450944,4205514752,83,0,0,0,0,False,0,legacy_error_envelope_not_validated
ram,ram-vm4c8g-cold-3,308281074ed752b6cccce693d27755da13dd675f,4,4,8192,6144,cold,False,385.733,0.0,6442450944,4371353600,83,0,0,0,0,False,0,legacy_error_envelope_not_validated
ram,ram-vm4c8g-warm-1,308281074ed752b6cccce693d27755da13dd675f,4,4,8192,6144,warm,False,358.05,2.964,5981712384,4190179328,83,0,0,0,0,False,0,legacy_error_envelope_not_validated
ram,ram-vm4c8g-warm-2,308281074ed752b6cccce693d27755da13dd675f,4,4,8192,6144,warm,False,360.081,2.929,5826568192,4043022336,83,0,0,0,0,False,0,legacy_error_envelope_not_validated
ram,ram-vm4c8g-warm-3,308281074ed752b6cccce693d27755da13dd675f,4,4,8192,6144,warm,False,357.799,2.938,5839630336,4051210240,83,0,0,0,0,False,0,legacy_error_envelope_not_validated
optimization,opt-30e0ed839979-off-cold-1,30e0ed839979f79026cea477a1db168346dd1017,4,4,6144,5120,cold,False,385.773,0.0,5368709120,4172685312,83,0,0,0,0,False,0,legacy_error_envelope_not_validated
optimization,opt-30e0ed839979-off-cold-2,30e0ed839979f79026cea477a1db168346dd1017,4,4,6144,5120,cold,False,386.184,0.0,5210292224,4144332800,83,0,0,0,0,False,0,legacy_error_envelope_not_validated
optimization,opt-30e0ed839979-off-cold-3,30e0ed839979f79026cea477a1db168346dd1017,4,4,6144,5120,cold,False,387.35,0.0,5251211264,4125724672,83,0,0,0,0,False,0,legacy_error_envelope_not_validated
optimization,opt-30e0ed839979-off-warm-1,30e0ed839979f79026cea477a1db168346dd1017,4,4,6144,5120,warm,False,359.106,3.551,4990791680,4110929920,83,0,0,0,0,False,0,legacy_error_envelope_not_validated
optimization,opt-30e0ed839979-off-warm-2,30e0ed839979f79026cea477a1db168346dd1017,4,4,6144,5120,warm,False,358.826,3.852,5064339456,4052353024,83,0,0,0,0,False,0,legacy_error_envelope_not_validated
optimization,opt-30e0ed839979-off-warm-3,30e0ed839979f79026cea477a1db168346dd1017,4,4,6144,5120,warm,False,360.828,3.704,4993613824,3988160512,83,0,0,0,0,False,0,legacy_error_envelope_not_validated
optimization,opt-30e0ed839979-on-cold-1,30e0ed839979f79026cea477a1db168346dd1017,4,4,6144,5120,cold,True,386.578,0.0,5237592064,4109164544,83,0,0,0,0,False,0,legacy_error_envelope_not_validated
optimization,opt-30e0ed839979-on-cold-2,30e0ed839979f79026cea477a1db168346dd1017,4,4,6144,5120,cold,True,387.062,0.0,5245988864,4086669312,83,0,0,0,0,False,0,legacy_error_envelope_not_validated
optimization,opt-30e0ed839979-on-cold-3,30e0ed839979f79026cea477a1db168346dd1017,4,4,6144,5120,cold,True,386.629,0.0,5233082368,4115066880,83,0,0,0,0,False,0,legacy_error_envelope_not_validated
optimization,opt-30e0ed839979-on-warm-1,30e0ed839979f79026cea477a1db168346dd1017,4,4,6144,5120,warm,True,292.227,3.715,4530700288,3645501440,83,0,0,0,0,False,0,legacy_error_envelope_not_validated
optimization,opt-30e0ed839979-on-warm-2,30e0ed839979f79026cea477a1db168346dd1017,4,4,6144,5120,warm,True,292.786,3.715,4708446208,3654254592,83,0,0,0,0,False,0,legacy_error_envelope_not_validated
optimization,opt-30e0ed839979-on-warm-3,30e0ed839979f79026cea477a1db168346dd1017,4,4,6144,5120,warm,True,294.248,3.707,4686450688,3667673088,83,0,0,0,0,False,0,legacy_error_envelope_not_validated
github,gh2c5g-cold-1,308281074ed752b6cccce693d27755da13dd675f,2,,,5120,cold,False,368.101,0.0,5368709120,5200715776,83,0,0,0,0,False,0,legacy_error_envelope_not_validated
github,gh2c5g-cold-2,308281074ed752b6cccce693d27755da13dd675f,2,,,5120,cold,False,369.996,0.0,5368709120,4901654528,83,0,0,0,0,False,0,legacy_error_envelope_not_validated
github,gh2c5g-cold-3,308281074ed752b6cccce693d27755da13dd675f,2,,,5120,cold,False,365.341,0.0,5368709120,5041623040,83,0,0,0,0,False,0,legacy_error_envelope_not_validated
github,gh2c5g-warm-1,308281074ed752b6cccce693d27755da13dd675f,2,,,5120,warm,False,387.391,7.875,5368709120,5021499392,83,0,0,0,0,False,0,legacy_error_envelope_not_validated
github,gh2c5g-warm-2,308281074ed752b6cccce693d27755da13dd675f,2,,,5120,warm,False,379.66,8.411,5368709120,5111672832,83,0,0,0,0,False,0,legacy_error_envelope_not_validated
github,gh2c5g-warm-3,308281074ed752b6cccce693d27755da13dd675f,2,,,5120,warm,False,382.513,6.072,5368709120,5045899264,83,0,0,0,0,False,0,legacy_error_envelope_not_validated
