case,sha,initial_state,cache,replicate,local_release_preparation_seconds,local_release_preparation_source,boot_request_to_agent_seconds,agent_to_dispatch_seconds,push_seconds,push_to_observed_seconds,boot_request_to_dispatch_seconds,observed_to_dispatch_seconds,source_prepare_seconds,gate_image_prepare_seconds,cache_prepare_seconds,install_seconds,checks_seconds,real_and_fixture_build_seconds,e2e_seconds,gate_seconds,packaging_seconds,gate_done_to_transfer_seconds,transfer_seconds,deploy_seconds,push_to_ready_seconds,push_to_probe_observed_seconds,probe_observation_source,peak_guest_used_bytes,peak_cgroup_bytes,archive_bytes,source_archive_sha256,image_archive_sha256,image_id,e2e_passed,strict_audit,probe_matched
running-cold-1,164f48f1539cd78d72f13ac0ec7ed209fb8e43b2,running,cold,1,38.68740677833557,exclusive release log birthtime to git push; includes local checks and commit preparation,,,2.101328,32.36964559555054,,2.705275535583496,7.867408275604248,2.641221523284912,0.0,45.998920917510986,114.19617509841919,158.55965089797974,69.334973,391.299,7.129627975000403,20.36121392250061,246.2064402103424,3.739257574081421,714.7308542728424,731.6268653869629,receipt creation upper bound,4238188544,4532338688,343199232,86edeeab212e494fbce47cd5688f3be18966d1ecea116d5a9cf551313cb241a6,6cfdd6492dd730fbe902cd104cf996dd7f48c70cd73a6b793ba1ed6bb047afb6,sha256:2127fc95ef207b2485bf7d79c88e0ffb94ac29ee4a7b249853c06fe2785dc2a1,83,True,True
running-cold-2,f65cbfb188024b6493dfe5763e7fb3dd0977ae36,running,cold,2,38.90431237220764,exclusive release log birthtime to git push; includes local checks and commit preparation,,,1.862149166,10.40528655052185,,2.6055960655212402,7.6771464347839355,1.6914942264556885,0.0,46.07360601425171,114.02362012863159,158.89410781860352,69.644984,391.805,8.408031434999884,20.94392156600952,246.88028860092163,3.9127085208892822,695.182487487793,711.7878279685974,explicit HTTP confirmation,4126556160,4543410176,343201792,7e3d340e8c246e8c5b4d3a950ecd207bd033869739cab43c5e8ed61bad5a3e29,82672084810d087aea34c4f9f4609fccc0df7f94dbdd1dafecdface0563dbe69,sha256:3780a2f1a8c783095f84ed682c1e1f84f0b1a8c7b6afe51d8b027ea41570661b,83,True,True
running-cold-3,f65bfa6cb33a80c1477d612165f2542a4922c1c7,running,cold,3,38.49569892883301,exclusive release log birthtime to git push; includes local checks and commit preparation,,,1.789154375,32.914544343948364,,2.7052206993103027,7.817577600479126,2.5432660579681396,0.0,46.12637495994568,113.96840596199036,159.16113805770874,70.652942,393.088,7.28195492299983,20.262015104293823,246.35950016975403,3.8453853130340576,717.3996253013611,730.9194278717041,explicit HTTP confirmation,4085710848,4441825280,343202304,bc411d9c3f79da1c3a1d112de38911ea588118456697ea799caf3da95a870e97,3d63e5cdc42cc696add92fdacf636770c9e3ca4f8d3f8a61b7734e4617660b19,sha256:05017ae903a936680844b8004a5d8b05a44cb89dc16560812e0fc247af6b7055,83,True,True
running-warm-1,96f4e5d2697c6034fba32b95d4ec0e31fcd9a222,running,warm,1,37.606756925582886,exclusive release log birthtime to git push; includes local checks and commit preparation,,,1.9153802500000001,17.409549713134766,,3.708446502685547,7.617815256118774,2.8424079418182373,4.369,16.644094944000244,115.56869006156921,91.0307309627533,69.16812399999999,295.746,6.976794677999351,16.29441499710083,245.95147013664246,3.7818315029144287,604.0366244316101,611.1378676891327,receipt creation upper bound,3463290880,4417331200,343202816,7944490bdfe45b00083808a1c3da37be81d641465970bbfed6b5c82f4c5c9dbb,6e9fac44e2c468646445a46b15fafa44e4809852d245cf30ee6579df42b26b5a,sha256:6415a134a8779bc9e2d7048a625ff34f7bfbe7410cadb1c3178852e1e34ec352,83,True,True
running-warm-2,126e7847b91d914d85f97da52df68eb8db6f1aa5,running,warm,2,39.978752851486206,exclusive release log birthtime to git push; includes local checks and commit preparation,,,1.78385325,31.579328536987305,,2.506335735321045,7.6171488761901855,1.639716386795044,3.591,16.451278924942017,113.44466590881348,93.16522717475891,70.632721,296.795,8.18412863399999,15.304458618164062,246.5247368812561,3.917665958404541,618.5072948932648,630.9986889362335,explicit HTTP confirmation,3437932544,4583460864,343202304,5fc1c2fb6388905e63572c59a844cb39854ba6c321489c710343e5d60076302a,b20a33e18d9bb9bd820fc563af255060132aab86be09c2a30ed62d4b287ab5d8,sha256:e1213477343443ec523bb9bd693514011bf9d7be27d2c3fa96371b6626c5a669,83,True,True
running-warm-3,581ee64a7f860cdb24069363f844098eecdb8fde,running,warm,3,38.84202551841736,exclusive release log birthtime to git push; includes local checks and commit preparation,,,1.7455337089999998,15.89841341972351,,2.6063265800476074,8.067917346954346,1.6905488967895508,3.549,15.971248865127563,114.40828800201416,92.5935001373291,71.39255699999998,297.978,8.0873227149998,13.139886856079102,246.11892342567444,3.949802875518799,601.6591174602509,611.9329063892365,explicit HTTP confirmation,3615404032,4555812864,343202304,b7701bb774c54c8bb6748d589c77aa4b07da4eea08e24414a45c88985445d6a8,f04ec26b4615ef3235bc341fb89cb17a50c4bcb4d6d010b5988bc70ae2fa776b,sha256:b3b0780c166f4350ca8f89fb73f4f94d7858086f4d3097f568ad36a8fe4d0075,83,True,True
stopped-cold-1,d2623d21c5f855ba7bc3994802f484dc2c4ab8b2,stopped,cold,1,38.7389235496521,exclusive release log birthtime to git push; includes local checks and commit preparation,22.664958477020264,15.296661376953125,2.178606,10.886950016021729,37.96161985397339,38.02530765533447,7.877279281616211,2.7952160835266113,0.0,46.184316873550415,112.0060670375824,156.33196091651917,70.61493899999999,388.249,7.087039943000036,25.919297695159912,246.4068901538849,3.7700929641723633,731.8705770969391,753.137640953064,explicit HTTP confirmation,4154880000,5368709120,343202304,54418926f9f3f2c549de3c8b4b46c8090f79191accae21539737af94fe4c041f,b1009bbd04b41f2025f281dd6a8e75d6207bb3613db87e934ede822a7a211c09,sha256:c8d4a6d8bd2f92410b442845c15f4a90d8b2bae8ebc529ce3095fe59e8537f68,83,True,True
stopped-cold-2,329afbe229cb6a15225deb44ddb5b3239fe97533,stopped,cold,2,40.158355951309204,exclusive release log birthtime to git push; includes local checks and commit preparation,21.88921070098877,16.79453206062317,1.798888041,8.776586055755615,38.68374276161194,38.74570345878601,7.777097463607788,2.843290090560913,0.0,46.01718091964722,112.31866502761841,155.88726592063904,70.35302300000001,387.282,7.1865179829999875,24.20411968231201,246.4523913860321,3.907608985900879,727.7531609535217,732.1244509220123,explicit HTTP confirmation,4162387968,5368709120,343202304,d6fc89bf11bc8a5f90ec953b4c78ddcd9baa601419e56261dc2919ca25f26043,a0fdb1d88fbbd9771f3472dbcde6aafc9aa12f1bc3462d5a82d0aa6dfef1e52e,sha256:c3938c2b9d795b6c1201d31b95642593ebcf9ca44952cb3eeb3813f53549c018,83,True,True
stopped-cold-3,2863b94ee22596f1186579d99d6fd34a1e0df541,stopped,cold,3,62.710357904434204,exclusive release log birthtime to git push; includes local checks and commit preparation,22.161235570907593,16.52065634727478,1.859565291,10.91996693611145,38.68189191818237,38.75136685371399,7.727062702178955,2.894110679626465,0.0,46.04106593132019,111.93838286399841,156.3473391532898,72.172401,389.248,7.086054042000001,24.29851508140564,246.3828365802765,3.9230856895446777,732.1510622501373,751.0069432258606,explicit HTTP confirmation,4137172992,5368709120,343202304,37ccefc3e21678636ea7d384c99d695c3b57a64cb07d25ef790e3b469f694ef2,e17ceaff7032fcb5858670faf56edbbf6c98489c6da6244c024c5fdd2df8c517,sha256:56ee52f7b7712941ce9904d70c76ac27caf24c62657ff615d20ccd86334f2802,83,True,True
stopped-warm-1,77e2f7b302fa68f1358874223f7e0092e8d4932d,stopped,warm,1,38.972431898117065,exclusive release log birthtime to git push; includes local checks and commit preparation,22.92132878303528,15.815009832382202,1.877881666,26.328500509262085,38.73633861541748,38.8473961353302,8.427716493606567,2.7936899662017822,4.956,16.215020895004272,113.4360420703888,92.01251602172852,68.395925,292.985,6.975850326999989,16.112895011901855,246.3885953426361,3.8583426475524902,648.5088210105896,650.3244318962097,explicit HTTP confirmation,3581071360,4843388928,343199232,888d330ba074c3b32642702c258cfbe9a07efd83da9256f920d2aca50d45198c,97b502d347b010ffc8572e8aa82a94699a01851282213e5d79a75b6e7c706921,sha256:0f748d6ea2a6d3940f57e8b9d4fa8ac0a943b3bd58ebc8902070f5a7a8dc739c,83,True,True
stopped-warm-2,1f1baa4e4a3216c728506a48b7369627d6f285ae,stopped,warm,2,39.45390176773071,exclusive release log birthtime to git push; includes local checks and commit preparation,22.02552342414856,16.665688276290894,2.3819005,27.49617338180542,38.69121170043945,38.76886606216431,7.776782035827637,2.895977258682251,4.969,16.459662914276123,112.64891314506531,92.23655200004578,69.081803,293.205,7.10452726699998,16.35913372039795,246.45354866981506,3.9060797691345215,649.9390833377838,651.8810770511627,explicit HTTP confirmation,3584847872,4824952832,343201792,08069f13cace0dbd4f6d6650e48a9a63fc731d5b91ac7356a92a2f847edecf74,5534b0c17310d14144a33a22c3bb2361cec8b58d7aeaca11b068eca4f3bd45c6,sha256:83fa221fdcfcc31bd6040be516c59e1a06a5ab0dfb2d43808e479b4929ae89c6,83,True,True
stopped-warm-3,149c0f434d0d092f1be034704835df11ff1300eb,stopped,warm,3,42.45261740684509,exclusive release log birthtime to git push; includes local checks and commit preparation,22.13571810722351,16.287915468215942,2.122930708,17.240938901901245,38.42363357543945,38.50010895729065,7.6774139404296875,2.8928122520446777,5.056,16.54423999786377,112.86542201042175,92.09443187713623,70.404747,294.741,7.127680305000013,15.03206753730774,246.26611518859863,3.841447114944458,639.0607786178589,650.075690984726,explicit HTTP confirmation,3519623168,4842196992,343202304,8b418b0ddd758965e435a49e81db39769de30279dc85e69a73e086829306080a,3f9db0884924b387e0109086904c5c4007fab01b77241da025cf551cc8002090,sha256:08eaf99464834d58accf0f1745d852e0581256eee780a9ea0549d64b68f8cdcf,83,True,True
